"j","beta_true","beta_mean","beta_q025","beta_q975","covered"
1,-0.840855480786299,-1.00033513371238,-1.28343753361034,-0.734641560444022,TRUE
2,1.38435934347858,1.30834690221732,1.05940797246544,1.57698054047249,TRUE
3,-1.25549186262767,-1.32405544154472,-1.56919686690568,-1.0820035325163,TRUE
4,0.0701427664273268,0.101904681715307,-0.145492503198036,0.331505411833464,TRUE
5,1.71144087270237,1.86311450174974,1.5952963065973,2.14521622962576,TRUE
