"scenario","exact_seconds","stirling_seconds","pig_seconds"
"S0_paper_like",0.72273999999998,0.000960000000000979,71.16576
"S1_benign",0.800879999999988,0.000980000000002779,69.2453
"S2_moderate_smalln",0.758700000000001,0.00112000000002264,57.72828
"S3_low_alpha",0.76309999999999,0.00110000000001472,57.14194
"S4_severe_stress",0.765079999999985,0.00111999999998835,55.64132
"S5_weak_signal",0.712879999999995,0.00137999999997296,57.34328
