"scenario","rep","method","mae_pp0","rmse_pp0","q95_abs_pp0","max_abs_pp0","mae_score","spearman_score","pearson_score"
"S4_severe_stress",1,"Stirling",0.00711372253913353,0.0100351873755561,0.0186597471129252,0.0299465820634072,0.00711372253913353,0.950375939849624,0.996588578185995
"S4_severe_stress",1,"PIG_MCMC",0.0062561467631766,0.0125279858486156,0.0214974813760027,0.0478444533113123,0.0062561467631766,0.996992481203007,0.997434335264234
