"scenario","method","mae_pp0_mean","rmse_pp0_mean","q95_abs_pp0_mean","max_abs_pp0_mean","mae_score_mean","spearman_score_mean","pearson_score_mean"
"S5_weak_signal","PIG_MCMC",0.000967673619306308,0.00271501642120609,0.00353471149287265,0.0321759309985922,0.000967673619306308,0.998456827855174,0.986649576407575
"S5_weak_signal","Stirling",0.000703286322123776,0.0023205150322809,0.00192614696890474,0.0296415052652884,0.000703286322123776,0.991807241295258,0.989597731426
