"scenario","method","alpha_bin","n_mean","mae_pp0_mean","q95_abs_pp0_mean"
"S0_paper_like","PIG_MCMC","<1",1,0.00282562198440472,0.00282562198440472
"S0_paper_like","Stirling","<1",1,0.00280878978793747,0.00280878978793747
"S0_paper_like","PIG_MCMC",">=10",399.06,0.00581595247803406,0.0142806984440833
"S0_paper_like","Stirling",">=10",399.06,2.7904096014283e-06,1.10382576638104e-05
"S0_paper_like","PIG_MCMC","1-3",1,0.000683108115947906,0.000683108115947906
"S0_paper_like","Stirling","1-3",1,0.000382390471699967,0.000382390471699967
"S0_paper_like","PIG_MCMC","3-10",1.5,0.00318357742252533,0.00381752016376932
"S0_paper_like","Stirling","3-10",1.5,0.000167488615380128,0.00019448868507592
