"scenario","method","mae_pp0_mean","rmse_pp0_mean","q95_abs_pp0_mean","max_abs_pp0_mean","mae_score_mean","spearman_score_mean","pearson_score_mean"
"S3_low_alpha","PIG_MCMC",0.0112066749723306,0.0332594479614261,0.0283309943112156,0.14505830842331,0.0112066749723306,0.978947368421053,0.990045278309729
"S3_low_alpha","Stirling",0.00189381485671425,0.00239074584616417,0.00414175259603608,0.00491971521274415,0.00189381485671424,0.980451127819549,0.99991945500131
