"scenario","method","fdr_target","n_selected_mean","empirical_fdr_mean","power_mean","auc_mean","avg_precision_mean"
"S3_low_alpha","Exact",0.01,0.02,0,0.000465116279069767,0.655259503020105,0.235790951434784
"S3_low_alpha","PIG_MCMC",0.01,0.02,0,0.000465116279069767,0.655064161096272,0.236306705029825
"S3_low_alpha","Stirling",0.01,0.3,0.2,0.0014034687067839,0.655703443566755,0.23277301958235
"S3_low_alpha","Exact",0.05,0.08,0,0.00176497382892732,0.655259503020105,0.235790951434784
"S3_low_alpha","PIG_MCMC",0.05,0.08,0,0.00182449763845113,0.655064161096272,0.236306705029825
"S3_low_alpha","Stirling",0.05,0.4,0.19,0.00317951673283192,0.655703443566755,0.23277301958235
"S3_low_alpha","Exact",0.1,0.16,0,0.00352299434039928,0.655259503020105,0.235790951434784
"S3_low_alpha","PIG_MCMC",0.1,0.18,0.02,0.00370185612901716,0.655064161096272,0.236306705029825
"S3_low_alpha","Stirling",0.1,0.56,0.18,0.00547511397712467,0.655703443566755,0.23277301958235
