"scenario","method","mae_pp0_mean","rmse_pp0_mean","q95_abs_pp0_mean","max_abs_pp0_mean","mae_score_mean","spearman_score_mean","pearson_score_mean"
"S4_severe_stress","PIG_MCMC",0.0062561467631766,0.0125279858486156,0.0214974813760027,0.0478444533113123,0.0062561467631766,0.996992481203007,0.997434335264234
"S4_severe_stress","Stirling",0.00711372253913353,0.0100351873755561,0.0186597471129252,0.0299465820634072,0.00711372253913353,0.950375939849624,0.996588578185995
