"scenario","method","fdr_target","n_selected_mean","empirical_fdr_mean","power_mean","auc_mean","avg_precision_mean"
"S4_severe_stress","Exact",0.01,0,0,0,0.648190277273907,0.233053466660479
"S4_severe_stress","PIG_MCMC",0.01,0,0,0,0.648506547514682,0.233092057820949
"S4_severe_stress","Stirling",0.01,14.7,0.895226083977194,0.0394780041605443,0.630079612439682,0.166641643034147
"S4_severe_stress","Exact",0.05,0.1,0,0.00231725767184453,0.648190277273907,0.233053466660479
"S4_severe_stress","PIG_MCMC",0.05,0.16,0.02,0.00336776272234958,0.648506547514682,0.233092057820949
"S4_severe_stress","Stirling",0.05,16.5,0.831718276896672,0.0693238314684261,0.630079612439682,0.166641643034147
"S4_severe_stress","Exact",0.1,0.28,0.02,0.00632155311800044,0.648190277273907,0.233053466660479
"S4_severe_stress","PIG_MCMC",0.1,0.36,0.05,0.00726209365854098,0.648506547514682,0.233092057820949
"S4_severe_stress","Stirling",0.1,18.36,0.813700458345182,0.0846938131449125,0.630079612439682,0.166641643034147
