"scenario","method","mae_pp0_mean","rmse_pp0_mean","q95_abs_pp0_mean","max_abs_pp0_mean","mae_score_mean","spearman_score_mean","pearson_score_mean"
"S1_benign","PIG_MCMC",0.00640729821967489,0.0237719589649778,0.0292673674366311,0.242329205565286,0.00640729821967489,0.994389018218479,0.994505043244499
"S1_benign","Stirling",8.94720829787116e-07,1.96822987260124e-06,2.92566260731336e-06,2.38760856985341e-05,8.94720829787121e-07,0.999999827498922,0.999999999955873
