"scenario","method","fdr_target","n_selected_mean","empirical_fdr_mean","power_mean","auc_mean","avg_precision_mean"
"S0_paper_like","Exact",0.01,32.76,0.00479542321824931,0.813537146818577,0.97122603212378,0.93407996337597
"S0_paper_like","PIG_MCMC",0.01,29.82,0.00166666666666667,0.743209695315161,0.971177543422373,0.932971332897175
"S0_paper_like","Stirling",0.01,32.76,0.00479542321824931,0.813537146818577,0.971226373114411,0.934079110621587
"S0_paper_like","Exact",0.05,35.54,0.03826754674079,0.853092420766726,0.97122603212378,0.93407996337597
"S0_paper_like","PIG_MCMC",0.05,33.42,0.0158481767956924,0.820672695025383,0.971177543422373,0.932971332897175
"S0_paper_like","Stirling",0.05,35.54,0.03826754674079,0.853092420766726,0.971226373114411,0.934079110621587
"S0_paper_like","Exact",0.1,38.26,0.0835308598944021,0.874470998614894,0.97122603212378,0.93407996337597
"S0_paper_like","PIG_MCMC",0.1,36.04,0.048108397344347,0.855317376011982,0.971177543422373,0.932971332897175
"S0_paper_like","Stirling",0.1,38.26,0.0835308598944021,0.874470998614894,0.971226373114411,0.934079110621587
