"scenario","method","mae_pp0_mean","rmse_pp0_mean","q95_abs_pp0_mean","max_abs_pp0_mean","mae_score_mean","spearman_score_mean","pearson_score_mean"
"S0_paper_like","PIG_MCMC",0.00580876227512682,0.0329957881499449,0.0142811038479294,0.400438562498795,0.00580876227512682,0.998335612824964,0.992547342324583
"S0_paper_like","Stirling",3.46318683157192e-06,1.95487266227972e-05,1.14037198625563e-05,0.000323939810293586,3.46318683157188e-06,0.999999084988033,0.999999987061895
