"scenario","exact_seconds_mean","stirling_seconds_mean","pig_seconds_mean"
"S0_paper_like",0.322333333333333,0.00133333333333333,6.99266666666667
"S1_benign",0.343666666666666,0.000666666666667481,6.77766666666667
"S2_moderate_smalln",0.295000000000002,0.000999999999997669,5.38866666666667
"S3_low_alpha",0.295000000000002,0.000666666666667481,5.30466666666667
"S4_severe_stress",0.325666666666668,0.00066666666666985,5.34466666666666
"S5_weak_signal",0.293666666666667,0.000333333333334925,5.43566666666666
