"scenario","method","alpha_bin","n_mean","mae_pp0_mean","q95_abs_pp0_mean"
"S3_low_alpha","PIG_MCMC","<1",11,0.00153631027959577,0.00442552400382834
"S3_low_alpha","Stirling","<1",11,0.00261517043916551,0.00451026120395043
"S3_low_alpha","PIG_MCMC","1-3",5,0.0104886642744886,0.0220746080990346
"S3_low_alpha","Stirling","1-3",5,0.00123966857971706,0.00315963830369994
"S3_low_alpha","PIG_MCMC","3-10",4,0.0386976912496537,0.1240023253144
"S3_low_alpha","Stirling","3-10",4,0.000727769851219764,0.00110055731580615
