"scenario","method","mae_pp0_mean","rmse_pp0_mean","q95_abs_pp0_mean","max_abs_pp0_mean","mae_score_mean","spearman_score_mean","pearson_score_mean"
"S4_severe_stress","PIG_MCMC",0.00142436559063347,0.00474890985387872,0.00568945457884753,0.0538419913232728,0.00142436559063347,0.999533554409238,0.997735865791386
"S4_severe_stress","Stirling",0.0428366181321408,0.170394458515185,0.142683326821378,0.901486624075598,0.0428366181321408,0.904779243217269,0.392007091384364
