"scenario","method","alpha_bin","n_mean","mae_pp0_mean","q95_abs_pp0_mean"
"S2_moderate_smalln","PIG_MCMC","<1",2.62,0.00143436863368508,0.00316748294739394
"S2_moderate_smalln","Stirling","<1",2.62,0.00102531726193172,0.00166745607352333
"S2_moderate_smalln","PIG_MCMC",">=10",111.72,0.00519002195745057,0.0239574540759464
"S2_moderate_smalln","Stirling",">=10",111.72,7.22005471320385e-05,0.000175708354162846
"S2_moderate_smalln","PIG_MCMC","1-3",37.52,0.00471634250999949,0.0229797291939924
"S2_moderate_smalln","Stirling","1-3",37.52,0.000733035146680307,0.00194498678408691
"S2_moderate_smalln","PIG_MCMC","3-10",248.14,0.00559932415668096,0.0280358278883359
"S2_moderate_smalln","Stirling","3-10",248.14,0.000203020301563831,0.000471481741853406
