"scenario","method","mae_pp0_mean","rmse_pp0_mean","q95_abs_pp0_mean","max_abs_pp0_mean","mae_score_mean","spearman_score_mean","pearson_score_mean"
"S4_severe_stress","PIG_MCMC",0.00423197995987424,0.012410640712166,0.0203169473582876,0.0923579525452174,0.00423197995987424,0.987546809363004,0.965399271030087
"S4_severe_stress","Stirling",0.0644521487829603,0.225597205739938,0.900574389065352,0.901003709640808,0.0644521487829603,0.935839507851039,0.20816923134072
