"scenario","method","mae_pp0_mean","rmse_pp0_mean","q95_abs_pp0_mean","max_abs_pp0_mean","mae_score_mean","spearman_score_mean","pearson_score_mean"
"S2_moderate_smalln","PIG_MCMC",0.00537034529266176,0.0161235647589391,0.0269926988255776,0.154323223491169,0.00537034529266176,0.997504914405715,0.992582990236674
"S2_moderate_smalln","Stirling",0.000222631184747195,0.00100063425007546,0.000595700692265664,0.016773910198158,0.000222631184747195,0.999773926087038,0.99995057753542
