"scenario","method","fdr_target","n_selected_mean","empirical_fdr_mean","power_mean","auc_mean","avg_precision_mean"
"S2_moderate_smalln","Exact",0.01,0.68,0,0.0165550093293193,0.770414209978059,0.448010914423199
"S2_moderate_smalln","PIG_MCMC",0.01,1.16,0.004,0.0277137452565639,0.770698996133552,0.445915254390867
"S2_moderate_smalln","Stirling",0.01,0.68,0,0.0165550093293193,0.770463622604825,0.448241579995255
"S2_moderate_smalln","Exact",0.05,2.88,0.0481666666666667,0.0675913294141746,0.770414209978059,0.448010914423199
"S2_moderate_smalln","PIG_MCMC",0.05,3.08,0.0511666666666667,0.0718524053365562,0.770698996133552,0.445915254390867
"S2_moderate_smalln","Stirling",0.05,2.86,0.0481666666666667,0.067165797499281,0.770463622604825,0.448241579995255
"S2_moderate_smalln","Exact",0.1,5,0.0685324675324675,0.115092222588498,0.770414209978059,0.448010914423199
"S2_moderate_smalln","PIG_MCMC",0.1,5.26,0.104826118326118,0.117083673090624,0.770698996133552,0.445915254390867
"S2_moderate_smalln","Stirling",0.1,5,0.0685324675324675,0.115092222588498,0.770463622604825,0.448241579995255
