"scenario","rep","method","mae_pp0","rmse_pp0","q95_abs_pp0","max_abs_pp0","mae_score","spearman_score","pearson_score"
"S4_severe_stress",1,"Stirling",0.0644521487829603,0.225597205739938,0.900574389065352,0.901003709640808,0.0644521487829603,0.935839507851039,0.20816923134072
"S4_severe_stress",1,"PIG_MCMC",0.00423197995987424,0.012410640712166,0.0203169473582876,0.0923579525452174,0.00423197995987424,0.987546809363004,0.965399271030087
