"scenario","method","alpha_bin","n_mean","mae_pp0_mean","q95_abs_pp0_mean"
"S4_severe_stress","PIG_MCMC","<1",304.72,0.00119683930644603,0.00486318575555277
"S4_severe_stress","Stirling","<1",304.72,0.0549523644318027,0.399225415443957
"S4_severe_stress","PIG_MCMC","1-3",86.7,0.00218129354212136,0.00884003188799731
"S4_severe_stress","Stirling","1-3",86.7,0.00415768269350594,0.00845838034829524
"S4_severe_stress","PIG_MCMC","3-10",8.58,0.00185722356687558,0.00652725492717146
"S4_severe_stress","Stirling","3-10",8.58,0.00290768859809595,0.00544937607938664
