"scenario","method","fdr_target","n_selected_mean","empirical_fdr_mean","power_mean","auc_mean","avg_precision_mean"
"S1_benign","Exact",0.01,20.52,0.00900899876858956,0.508239830790313,0.90279817432508,0.785802200517078
"S1_benign","PIG_MCMC",0.01,20.78,0.0163265746813268,0.510819776054998,0.902360590084897,0.783845073390475
"S1_benign","Stirling",0.01,20.52,0.00900899876858956,0.508239830790313,0.902799182592876,0.785803418420721
"S1_benign","Exact",0.05,25.06,0.0510931046458468,0.593126501877581,0.90279817432508,0.785802200517078
"S1_benign","PIG_MCMC",0.05,25.14,0.0592520942986317,0.58963667408391,0.902360590084897,0.783845073390475
"S1_benign","Stirling",0.05,25.06,0.0510931046458468,0.593126501877581,0.902799182592876,0.785803418420721
"S1_benign","Exact",0.1,28.14,0.102611149431345,0.629925235299772,0.90279817432508,0.785802200517078
"S1_benign","PIG_MCMC",0.1,28.3,0.103274116065828,0.632506463233587,0.902360590084897,0.783845073390475
"S1_benign","Stirling",0.1,28.14,0.102611149431345,0.629925235299772,0.902799182592876,0.785803418420721
