"scenario","method","alpha_bin","n_mean","mae_pp0_mean","q95_abs_pp0_mean"
"S5_weak_signal","PIG_MCMC","<1",9.24,0.000204780931156046,0.000739351694205234
"S5_weak_signal","Stirling","<1",9.24,0.00102609740938682,0.00292151020732426
"S5_weak_signal","PIG_MCMC",">=10",25.68,0.00123015207233189,0.00393969829096632
"S5_weak_signal","Stirling",">=10",25.68,0.000383405109420212,0.000780147315390479
"S5_weak_signal","PIG_MCMC","1-3",98.48,0.000632060769264764,0.0023879411588662
"S5_weak_signal","Stirling","1-3",98.48,0.00104982730150978,0.00366273550450136
"S5_weak_signal","PIG_MCMC","3-10",266.6,0.00109284020804255,0.00406050018901684
"S5_weak_signal","Stirling","3-10",266.6,0.000589322649077816,0.00160172420718224
