"scenario","method","alpha_bin","n_mean","mae_pp0_mean","q95_abs_pp0_mean"
"S4_severe_stress","PIG_MCMC","<1",14,0.00546865019084288,0.021577531401286
"S4_severe_stress","Stirling","<1",14,0.0089232204909659,0.0222240107814985
"S4_severe_stress","PIG_MCMC","1-3",6,0.00809363876528862,0.0188747703561319
"S4_severe_stress","Stirling","1-3",6,0.00289156065152468,0.0042717421238701
