"scenario","method","alpha_bin","n_mean","mae_pp0_mean","q95_abs_pp0_mean"
"S1_benign","PIG_MCMC",">=10",399.9,0.00640748875340766,0.0292912515515097
"S1_benign","Stirling",">=10",399.9,8.93189806332925e-07,2.9164825248199e-06
"S1_benign","PIG_MCMC","3-10",1,0.00502925831076015,0.00502925831076015
"S1_benign","Stirling","3-10",1,6.99378686135344e-06,6.99378686135344e-06
