"scenario","method","alpha_bin","n_mean","mae_pp0_mean","q95_abs_pp0_mean"
"S3_low_alpha","PIG_MCMC","<1",169.34,0.00099692088209298,0.0040547839799232
"S3_low_alpha","Stirling","<1",169.34,0.00548229735203431,0.0109313936444019
"S3_low_alpha","PIG_MCMC",">=10",1,0.00924919955142078,0.00924919955142078
"S3_low_alpha","Stirling",">=10",1,0.00028869926768312,0.00028869926768312
"S3_low_alpha","PIG_MCMC","1-3",185.22,0.0021265108655612,0.00912960780263025
"S3_low_alpha","Stirling","1-3",185.22,0.00118446670047238,0.00265152224795619
"S3_low_alpha","PIG_MCMC","3-10",45.38,0.00234983161005973,0.00939585676133424
"S3_low_alpha","Stirling","3-10",45.38,0.000579290057309465,0.00129497433032912
