"scenario","method","mae_pp0_mean","rmse_pp0_mean","q95_abs_pp0_mean","max_abs_pp0_mean","mae_score_mean","spearman_score_mean","pearson_score_mean"
"S3_low_alpha","PIG_MCMC",0.00167191506560814,0.00538144658246619,0.00688662899485456,0.0606855941737323,0.00167191506560814,0.999482298014363,0.997065603926694
"S3_low_alpha","Stirling",0.00293606077041147,0.0167513217138429,0.006262039548762,0.277261961765703,0.00293606077041147,0.988596767454809,0.94302819112844
