"rep","sim_seed","pig_seed","truth_de","fit_a0","fit_nu","fit_balpha","fit_nualpha","fit_probpat0","fit_probpat1"
1,20260431,20360431,4,27.9708040676402,0.102188140756269,1.3897084583298,1459.93300415046,0.889416361455248,0.110583638544752
