"method","n_per_group","n_de","reproducibility","elapsed_pair_seconds"
"GaGa",5,47,0.824765063571034,4.1335
"PIG_GaGa",5,47,0.824765063571034,4.1335
"GaGa",10,115,0.894710463412754,3.6905
"PIG_GaGa",10,115,0.894710463412754,3.6905
"GaGa",15,234.5,0.944556598283137,3.7105
"PIG_GaGa",15,234.5,0.944556598283137,3.7105
