"method","auc"
"Ga",0.871430555555555
"GaGa",0.896951388888889
"limma_BH",0.897333333333333
"MiGaGa2",0.899326388888889
