"method","auc"
"Ga",0.914323611111111
"GaGa",0.935570138888889
"limma_BH",0.935977777777778
"MiGaGa2",0.93833125
