"method","auc"
"Ga",0.912664791666667
"GaGa",0.934802708333333
"limma_BH",0.935625694444444
"MiGaGa2",0.937378055555556
