"delta","mu","exact_mean","exact_var","miller_mean","miller_var","miller_sample_mean","miller_sample_var","pig_mean","pig_var","pig_ess","pig_ess_per_draw","pig_time","pig_mean_rel_error","pig_var_rel_error","miller_mean_rel_error","miller_var_rel_error"
5,1.18842975206612,4.75879264944532,5.37881871591332,4.73160471529255,5.37199808389226,4.66986151522146,5.17499149734514,4.9570658087145,6.78197907540696,72.5891617340596,0.0241963872446865,1.193,0.0416645930753662,0.260867754353269,-0.00571319999747027,-0.00126805389459906
10,1.11177644710579,6.27874348699216,5.79501901635251,6.25852974170226,5.79228491632687,6.28428128395997,5.7631092349245,6.29941715479892,5.05579270831533,79.4288968386828,0.0264762989462276,1.342,0.00329264411734517,-0.127562361046825,-0.00321939339165135,-0.000471801734890981
30,1.19483568075117,3.24061064114981,0.580540886348832,3.23304759716853,0.580151396649996,3.24578775481191,0.596732058191199,3.23172223853234,0.490585387938883,157.591147217719,0.0525303824059062,2.018,-0.00274281720383171,-0.154951185222633,-0.00233383297741736,-0.00067090829947501
